price,bedrooms,bathrooms,sqft_living,sqft_lot,floors,condition,yr_built,renovated
2384000,5,2.5,3650,9050,2,5,1921,0
490000,2,1,880,6380,1,3,1938,1
640000,4,2,1520,6200,1.5,3,1945,1
1400000,4,2.5,2920,4000,1.5,5,1909,1
365000,3,1,1090,6435,1,4,1955,1
1200000,5,2.75,2910,9480,1.5,3,1939,1
750000,3,1.75,2240,10578,2,5,1923,0
626000,3,2.25,1750,1572,2.5,3,2005,0
495000,4,1.75,1600,6380,1,3,1959,1
615000,3,1.75,2360,7291,1,4,1948,0
790000,3,2.5,2600,4750,1,4,1951,1
650000,4,2,1820,5000,1.5,3,1945,1
440000,2,1,800,4850,1,4,1944,0
750000,3,2.5,2390,6550,1,4,1955,1
439950,3,2.5,1770,2875,2,3,1990,1
235000,2,1,1210,9400,1,2,1949,0
445700,3,2.5,1270,1180,3,3,2001,0
805000,3,2,2710,4500,1.5,4,1929,0
385000,3,3.25,1320,1327,2,3,2008,0
295000,2,2.5,1630,1368,2,3,2009,0
553000,2,1,900,5000,1,3,1944,0
783500,3,2.5,2850,7130,2,3,1980,0
628000,4,2,2280,6010,1,3,1900,1
531000,2,3,1270,1175,2,3,2000,0
831000,4,3,2170,4000,2,4,1982,1
580000,2,1,2540,7000,1,5,1942,0
549000,2,1,1140,5400,1,5,1908,0
405000,2,3,1410,1240,2,3,2006,0
650000,3,1.5,2160,9000,1,4,1949,1
823000,6,1.75,2920,5000,2.5,4,1908,0
770000,3,2,2350,5700,1.5,4,1939,1
524000,3,1.75,1560,5520,1,4,1944,0
670000,3,2.5,1680,2000,3,3,1909,1
406100,3,2.25,1410,1332,3,3,2005,0
1395000,5,3.5,4010,8510,2,5,1971,0
435000,5,2,1840,9240,1,4,1942,1
4.00E+05,2,1,840,5510,1,3,1955,1
657100,4,1,1390,4240,1,3,1924,1
740000,4,1.75,2010,3600,1.5,3,1902,0
398750,3,2.5,2230,4000,2,3,1954,1
287000,3,1,1450,6000,1,4,1953,1
6.00E+05,3,1.75,1880,6360,1,4,1945,0
418000,3,2,1410,6030,1.5,4,1930,0
449250,4,2,1480,3844,1.5,5,1928,1
329950,2,1,1140,5250,1.5,4,1949,1
1425000,2,2.5,2220,4000,2,3,2000,0
585000,2,1,1770,8640,1.5,3,1949,1
618500,3,2,1800,5000,1,4,1942,1
631625,4,2.5,2440,6651,2,3,2014,0
340000,2,1.5,1160,1438,2,3,2001,0
366750,3,3,1571,2017,3,3,2008,0
416286,3,2.5,1408,989,3,3,2005,0
450000,2,2,1100,3000,1.5,3,1912,1
353000,3,1,1350,7740,1,4,1947,1
561000,3,2,2000,7000,2,3,1916,1
469000,2,1,1030,4400,1,3,1924,1
329350,2,1,720,6687,1,3,1942,1
488000,5,2,2020,5000,1.5,4,1938,0
312000,4,2,1300,7054,1,3,1950,1
650000,3,1.5,1630,7475,1,3,1940,1
1135000,4,2.75,3370,8103,1,3,1970,1
325000,4,2.5,1890,6156,1,3,1980,0
219000,2,1,900,5160,1,3,1952,1
460000,2,2.25,1230,929,2,3,2004,1
612500,4,2,2060,5000,1,3,1949,1
313950,3,1,1510,6083,1,4,1940,1
575000,3,1.75,2130,6500,1,3,1954,1
1225000,4,2.25,3490,6906,2,4,1928,0
365000,3,1.5,1310,8160,1,3,1950,1
1580000,4,3.25,3760,10920,1.5,5,1950,0
484000,2,1.75,1660,6000,1,3,1942,1
345000,3,1,1110,6250,1,3,1956,1
533000,5,2.75,1800,3780,1.5,3,1926,1
385000,3,1.75,1900,5520,1,3,1982,0
485000,3,2,1420,4080,1.5,3,1905,1
499000,2,1.75,1170,2400,1,4,1903,0
1050000,3,2.5,2200,1970,2,3,2008,0
5.00E+05,3,2.5,1480,1171,3,3,2006,0
390000,5,3.75,2890,5000,1,3,2006,0
979000,3,2.5,2690,4047,3,3,2014,0
369950,3,2,1270,1320,3,3,2006,0
519950,3,2.25,1170,1249,3,3,2014,0
495000,3,1,990,6000,1,3,1943,1
750000,3,2.75,2520,5401,1,4,1946,1
599999,9,4.5,3830,6988,2.5,3,1938,1
526000,2,2,1550,2400,1.5,4,1900,1
3200000,7,4.5,6210,8856,2.5,5,1910,0
420000,2,1.5,1040,3500,1.5,4,1904,0
749950,4,2.75,2600,6050,2,5,1949,0
568000,3,2,2350,5080,1.5,3,1929,0
5.00E+05,2,1,1010,3885,1.5,4,1906,1
475000,2,1,820,2723,1,3,1921,1
352000,5,2.5,2420,8560,1,3,1978,0
599000,3,1.75,1960,4788,1,4,1920,0
575000,4,2,1650,5000,1,3,1955,1
705000,4,2.5,2650,4316,1.5,3,1905,1
940000,4,2.25,1890,5940,1,3,1963,1
485000,3,2,1610,4160,1,4,1917,0
3.00E+05,2,1,760,3001,1,3,1913,1
1500000,6,2.5,3560,6480,2.5,4,1914,1
1340000,3,3,2960,5500,2,3,1937,1
361280,2,1,820,6400,1,4,1944,0
440000,3,1.75,1500,6180,1,4,1947,1
530000,3,1,1340,4284,1,3,1910,1
775000,3,2,2540,7200,1.5,4,1905,0
380000,5,1.75,3000,6000,1,5,1958,0
690000,3,2,1760,6428,1,4,1942,1
794154,4,2,2210,8556,1,4,1954,1
245000,3,1.5,1260,1270,2,3,2005,0
425000,2,2.5,1150,1027,3,3,2008,0
365000,5,2.75,2410,5003,1,3,2008,0
417250,3,2.25,1606,1452,3,3,2009,0
339950,2,1,820,681,3,3,2006,0
615000,2,1,1540,6872,1,4,1946,1
533000,3,1,1670,4080,1,3,1967,1
712000,3,1,1250,4620,1.5,4,1900,1
205000,2,1,720,5040,1,3,1955,1
553650,2,2.5,1360,1349,2,3,1997,0
719000,3,2.5,1690,4500,1.5,4,1928,0
1039000,4,1,3410,5000,2,5,1910,0
515000,2,1,1060,4960,1,3,1926,1
207000,3,1,1490,8995,1,4,1954,1
385000,3,1.75,1890,9920,1,3,1944,0
235000,2,1,1270,3008,1,4,1923,0
358000,2,1.5,960,1808,2,3,1993,0
228000,4,1.75,2000,6120,1,3,1965,1
405000,2,1,1020,8155,1,4,1948,0
1750000,6,3,3510,5760,2.5,4,1906,1
636000,2,1.75,1230,3600,1.5,5,1925,0
530000,4,2.75,2280,2850,1.5,4,1930,0
230000,3,1.75,950,6000,1,3,1939,1
1307000,5,3.25,2800,3200,1.5,5,1932,1
660000,3,1.75,1320,5750,1.5,5,1918,0
413450,3,2.5,1540,1614,3,3,2008,0
930000,3,3.25,2640,4080,2,3,1912,1
835000,4,2,1910,6960,1.5,5,1941,0
5.00E+05,3,1.75,1410,1197,3,3,2012,1
499000,2,1.5,1110,957,2,3,2005,0
321950,2,1.25,860,1277,2,3,2007,0
441750,2,1.5,1020,1060,3,3,2008,0
438000,2,1,980,1179,2,3,2010,0
460000,4,1.75,1750,5500,1.5,5,1926,0
255000,2,1,810,7980,1,1,1928,0
445000,4,2,1650,6000,1,5,1959,0
195000,2,1,720,18000,1,3,1950,1
490000,2,1,1840,3300,1.5,4,1910,0
270000,3,1.5,1500,6337,1,5,1953,0
382000,3,3.25,1410,1253,3,3,2005,0
536500,4,1.75,2000,4000,1.5,5,1926,0
463000,2,1,1150,4400,1,4,1905,0
742500,4,2.75,3100,3773,2,3,1919,1
325000,3,2.25,1352,1694,3,3,2007,0
481450,3,2,1410,4800,1,3,1940,1
252500,3,1,1030,6127,1,3,1947,1
536000,3,1.75,1300,5413,1.5,3,1925,1
445000,2,2,1150,6634,1,3,1940,1
769900,4,3.5,2730,3047,2,3,2006,0
212000,2,1.5,1020,1525,2,3,2004,1
376000,3,2,1340,1384,3,3,2008,0
324000,3,2.25,998,904,2,3,2007,0
549900,5,2.75,3060,7015,1,5,1979,0
875000,4,2,2520,6000,1,3,1921,1
394950,3,2.5,1350,1250,3,3,2006,0
842500,4,2.5,2160,5298,2.5,4,1902,0
368000,3,2.5,1370,1350,2,3,2007,0
885000,4,2.5,2830,5000,2,3,1995,0
490000,2,2.5,1230,1391,2,3,2004,1
235000,1,1,810,2451,1,5,1941,0
255000,2,1,1220,2500,1,3,1910,1
350000,2,1,910,4500,1.5,4,1906,1
582000,4,1.75,2120,4650,1,3,1951,1
1315000,4,3.5,3460,3997,2,3,2004,1
372500,5,3,2480,10090,1,3,2004,1
360000,4,2,1730,5500,1,5,1943,0
1015000,3,2.5,2920,34527,1,4,1954,1
210000,3,2.5,1040,2643,2,3,2004,1
770000,3,1.75,1720,5000,1,3,1954,1
499950,3,1,980,6380,1,3,1941,1
5.00E+05,2,2.25,1290,1334,3,3,2007,0
870300,4,2.5,2350,3150,1.5,4,1910,0
315275,3,1.75,1440,8040,1,3,1951,1
505000,4,1.75,1940,4800,1,5,1922,1
610000,4,3,2110,5000,1.5,4,1930,0
910000,3,2,2700,6120,1,4,1962,0
1300000,4,3.25,2330,9687,2,3,1918,0
840000,4,2.75,2600,2750,1.5,3,1936,0
3.00E+05,2,1.75,1360,8100,1,3,1975,0
675000,4,3,2400,3340,1,4,1964,0
734200,4,2.5,2760,5000,1.5,5,1928,1
630000,4,2,1770,6000,2,5,1911,1
301500,2,1.5,830,1333,2,3,2005,0
369000,2,2.5,980,895,2,3,2009,0
635000,3,2.5,1570,1433,3,3,2010,0
625000,3,3.5,1810,1846,2,4,2009,0
525000,5,3,2450,4591,2,3,1994,0
628000,4,2,2260,6000,1,3,1958,1
245000,5,1.75,2020,7902,1,3,1962,1
415000,3,1.75,1960,5000,1,5,1911,1
799200,6,3,2890,2370,2.5,3,1906,1
591000,3,1.75,1680,2400,1,5,1922,1
575000,3,1.75,1580,11750,1,4,1951,1
771000,3,2.25,1780,6120,1.5,4,1927,0
155000,2,1,910,6232,1,3,1943,1
550000,7,4,3440,8100,2,3,1970,1
2555000,4,2.5,5300,26211,2,2,1923,0
717000,3,1.5,1310,3880,1,3,1956,1
225000,3,1,1040,6535,1,3,1947,1
230000,2,0.75,650,5360,1,4,1931,0
385000,3,2,1480,6600,1,3,1943,1
665000,3,2,1940,5820,1.5,5,1944,0
620000,3,1,1710,4050,1.5,3,1909,1
1105000,4,1.5,2740,4000,2,5,1905,0
450000,3,2.75,1250,892,2,3,2010,0
560000,3,1,1440,5000,2,3,1910,1
413000,4,1,1410,6000,1,3,1925,1
570000,3,2,1530,5401,1,4,1937,0
465000,3,1.5,1270,5112,1,3,1950,1
525000,3,2.5,1580,1161,2,3,2008,0
870000,4,2.5,3520,6773,2.5,3,2006,0
650000,4,2.5,2210,4861,2,3,2013,1
330000,3,2.5,1450,5008,1,3,2007,0
385000,4,1.75,1620,4980,1,4,1947,1
306000,3,1.5,1220,1086,3,3,2007,0
546000,3,1.75,2000,5000,1,4,1921,0
8.00E+05,3,1,1700,4400,1.5,4,1906,1
620000,5,2.5,2540,3832,2,5,1929,0
372220,3,1,1290,5500,1,3,1951,1
337500,5,2,1700,7314,1,3,1956,1
582500,2,1.5,1159,4800,1,3,1948,1
405100,2,1,840,3522,1,3,1947,1
538000,3,1.75,1400,3825,1.5,4,1904,0
1400000,3,2.5,2550,7200,2,3,1981,1
702500,3,1.5,2360,6750,2,5,1926,0
682000,3,1.75,1830,5120,1.5,5,1903,0
525000,3,1.75,1600,6120,1.5,3,1924,1
394475,2,1,830,4000,1,3,1955,1
339950,3,1,1050,5402,1.5,4,1906,1
715000,4,2.25,2060,5649,1,5,1941,0
458000,3,1,1660,7500,1,4,1940,1
607500,5,1.75,2220,6000,1.5,3,1923,1
4.00E+05,2,1,980,2130,1,4,1918,1
3.00E+05,3,1,1260,8280,1,3,1946,0
185000,3,1,1150,8100,1,3,1932,0
451555,2,1,1320,4520,1,3,1912,1
840000,4,1.75,2930,11562,1,3,1947,1
349950,3,1,1400,7066,1,3,1957,1
613000,4,2,1550,4815,1.5,3,1909,1
197500,3,1,980,3090,1.5,3,1903,1
1255000,4,2.5,3200,7535,2,3,2006,0
575000,2,1,1490,6000,1,3,1946,0
585000,5,1.75,2000,3750,2,4,1921,0
475000,7,3.5,2870,29699,1,3,1961,1
790000,3,1.75,1790,6117,1,3,1940,1
744000,4,3,1980,5352,2.5,3,1941,1
312500,2,1,880,6345,1,3,1919,1
495000,4,2,2050,4000,1.5,5,1941,0
580050,3,2.5,2360,4638,2,3,1996,0
640000,4,2,2560,7798,1,4,1947,1
295000,3,1.5,850,2500,1,3,1986,0
343000,4,1.75,2290,10290,1,3,1960,1
467000,3,1,1660,6582,1,5,1946,0
512500,3,2.5,1840,2875,2,4,1997,0
465000,3,1.75,1410,6886,1,3,1924,1
340000,3,1.75,1960,8136,1,3,1948,1
497000,4,2.5,2240,7200,2,3,1995,0
344000,3,2.5,1232,1130,3,3,2007,0
312000,3,2.25,1490,974,2,3,2009,0
350000,1,1,700,5100,1,3,1942,1
408200,3,2.5,1800,5761,2,4,1990,0
451000,3,1.75,1560,4049,1.5,3,1926,1
799000,4,3.25,3120,5000,2,3,2005,0
720000,2,1,2020,7200,1,4,1947,1
490000,3,2,1450,2400,1.5,3,1900,1
342000,3,1,1260,6826,1,3,1944,0
724800,3,2,2050,3933,1,3,1926,1
605000,2,1,910,3600,1,4,1909,1
785000,3,2,2180,5440,1,5,1904,0
565000,3,2.25,1520,1221,3,3,2013,1
875000,3,2,2220,6641,1,4,1947,1
620000,3,2.25,1720,4000,1.5,4,1921,0
245000,2,1,870,6150,1,3,1941,1
238000,3,2,1020,1204,2,3,2004,1
523000,3,1.5,1260,3135,1.5,3,1931,0
180000,3,1,1000,18513,1,3,1940,1
375000,3,1.5,1100,1751,2,3,2007,0
540000,1,1,1140,6700,1.5,3,1920,1
605000,3,2.25,1290,2500,2,4,1987,0
490000,2,1,1160,5000,1,4,1937,0
341000,3,2.5,1480,1663,2,3,2012,1
5.00E+05,2,2.5,1310,1500,2,3,2006,0
410000,3,2,1700,4250,1,3,1944,0
488000,2,2,1360,4688,1,3,1944,0
592500,2,2,1420,9191,1.5,5,1928,1
475000,2,1,1490,3825,1,3,1929,0
487250,4,2,1690,3250,1.5,3,1901,0
440000,2,1.5,1010,1968,1.5,5,1906,0
462000,3,1.5,1710,4500,1.5,3,1928,1
560000,4,1,1660,4690,1.5,3,1945,1
285000,4,1.75,2080,13629,1,4,1955,1
210000,3,1,1080,21043,1,3,1942,1
690000,3,2,1610,5100,1.5,5,1940,0
411000,4,2.75,2500,5257,2,3,1966,1
762000,5,2,3370,5000,1.5,4,1907,0
413500,2,1,770,4000,1,5,1924,1
524950,3,1.75,1890,3825,1,3,1974,0
461000,2,1,1060,7193,1,3,1926,1
885000,4,2.75,2730,3560,1.5,3,1921,1
333000,4,2,1580,7800,2,2,1906,0
485000,3,1,1500,4100,1.5,3,1926,1
482500,3,2.25,1450,1445,2,3,2005,0
485000,2,2.25,1260,1240,3,3,2004,1
850000,4,3.5,2640,5900,2,3,1937,1
7.00E+05,3,1.75,2010,4905,1,5,1912,0
368000,2,1.5,1660,4680,1,5,1908,0
433500,3,2.5,2200,3360,2,3,2009,0
367000,2,1,700,2334,1,3,1945,1
477000,3,2.5,1350,2053,3,3,2005,0
518000,3,2.5,1680,2096,2,3,2008,0
1190000,4,3,2240,6000,1.5,4,1914,1
137000,3,1,950,7620,1,3,1954,1
640000,2,2.25,1540,958,3,3,2007,0
271310,2,1,870,5340,1.5,2,1906,0
479000,3,2.5,1260,889,3,3,2008,0
520000,4,3.5,2680,10000,2,3,1942,1
599950,3,2.5,2660,4975,2,3,2014,0
483945,2,1.75,1480,5120,1,4,1951,1
192500,2,1,950,7692,1,3,1926,1
330000,2,1,860,8308,1,4,1948,0
243000,2,1,1770,5522,1.5,4,1943,0
575000,4,1.75,1280,6060,1,3,1926,1
710000,2,1,1790,4000,1,4,1923,0
490000,3,1,1910,8190,1,4,1946,1
467000,3,2.25,1270,1213,2,3,2005,0
480000,4,2.75,2050,3960,1,4,1986,0
755000,6,2,2150,4505,1,3,1952,1
387000,2,2.25,1230,1280,2,3,2012,1
570000,2,1.75,1540,4025,1,4,1908,0
387500,4,1,1320,4440,1.5,3,1929,0
396675,2,1,1730,6375,2,4,1945,0
452000,4,1,1210,3760,1.5,3,1900,1
792000,3,1.5,1570,1050,2,3,1915,0
1275000,4,2,2850,7861,1,4,1970,0
440000,2,1.75,1300,4000,2,3,1948,1
525000,3,1.5,1540,4773,2,3,1941,1
978000,4,2.75,2620,13777,1.5,4,1926,1
1125000,6,3,2880,3192,2,4,1919,1
7.00E+05,4,1,1680,4021,1.5,3,1921,1
309000,3,1,1092,7500,1.5,3,1918,0
699000,4,2.5,2650,7945,2,3,2006,0
1100000,3,2,2390,6888,2,5,1939,0
430000,3,1.75,1200,4500,1,5,1906,0
376000,2,1,1150,4000,1,3,1947,1
475000,4,1.75,1650,7775,1,4,1950,1
1690000,3,1.75,3400,8965,1,5,1957,0
619500,3,2.5,1700,4105,2,3,1992,0
194000,1,1,820,1060,1,3,2007,0
329000,4,2.5,1600,6765,1,3,1947,1
494000,4,1.75,2090,4300,1.5,4,1925,1
423000,4,1.75,1940,6909,1,4,1941,1
879950,4,2.25,3500,13875,1,4,1938,0
345600,5,3.5,2800,5120,2.5,3,1903,1
395000,3,1.5,1080,2940,1.5,4,1920,0
380000,3,1.75,1690,1468,2,3,2008,0
440000,3,1.5,1270,1443,3,3,2007,0
415000,3,2.25,1970,2377,2,3,2008,0
5.00E+05,3,2.5,1210,1200,3,3,2008,0
953007,4,3.5,3120,5086,2,3,2008,0
772000,3,2.25,1640,1204,3,3,2014,0
490000,5,3.5,4460,2975,3,3,2013,1
305000,2,2.5,1590,2656,2,3,2009,0
325000,3,1,990,6750,1,4,1947,1
720000,3,2.5,2020,1159,3,3,2000,0
199000,4,2,2030,8120,2,3,1950,1
1506000,4,3.25,3660,5800,2.5,3,1909,1
635000,4,2.25,2750,6180,1,4,1948,0
210000,3,1,1240,4842,1,4,1916,0
475000,4,2,1790,2250,1,4,1909,1
230000,5,2,1930,6120,1.5,3,1941,1
249900,2,1,1140,5500,1,3,1947,1
270000,3,1.75,1390,10905,1,3,1957,1
495000,3,3.5,2380,6250,2,3,1997,0
1003000,4,2.75,2290,6120,2,4,1926,1
299800,2,1,790,5240,1,4,1925,1
360000,2,0.75,850,7710,1,5,1909,1
218000,3,1,1020,7874,1,3,1956,1
452000,4,2,1660,6150,1,3,1945,1
246000,3,1.5,1780,23819,1,3,1953,0
535000,2,1,1030,4841,1,3,1939,1
430000,3,1,1150,3000,1,5,1906,0
450000,2,1,1200,4000,1,3,1940,1
525000,3,1,1450,4000,1,4,1948,0
1220000,4,2.5,3240,3600,2,3,2008,0
540000,3,2,1470,1691,2,3,2007,0
285000,3,1.75,2380,6000,1.5,3,1935,1
3.00E+05,2,1,970,13700,1,3,1949,1
7.00E+05,4,3.25,2780,7875,2,3,2006,0
334990,4,2.5,2220,4228,2,3,2014,0
360000,3,2.5,1530,1131,3,3,2009,0
373500,2,1,800,3330,1,3,1918,0
494400,2,1.75,1560,1750,1,4,1904,0
926300,3,1.5,1660,4800,2,3,1907,1
6.00E+05,3,1.75,1650,5100,1,5,1908,0
219900,3,1,910,6000,1,2,1956,0
270000,2,1.5,840,867,2,3,2005,0
432000,3,2.25,1470,1578,2,3,2007,0
305000,4,1.75,2200,8100,1.5,5,1942,0
235750,2,1,740,11250,1,2,1938,0
657000,4,1.75,2740,8520,1,3,1954,1
150000,2,1,820,10270,1,3,1954,1
319950,2,1,1070,5824,1,5,1949,0
337000,3,1,1070,6109,1,5,1951,0
492000,4,2,1640,5000,2,3,1907,1
4.00E+05,3,1,1040,6250,1,3,1942,1
431500,3,3.5,1900,1612,2,3,2008,0
677000,3,2,2000,3207,1,4,1916,0
1180500,3,1.75,1610,7200,1,3,1973,1
168000,2,2.5,1160,2174,2,3,1998,1
805000,4,2.75,2410,6000,1,5,1950,0
940000,4,2.75,2080,4000,1.5,3,1912,1
380000,2,2.5,1230,987,2,3,2011,0
353250,2,1,1060,1600,2,3,1979,1
320000,3,2.25,998,844,2,3,2007,0
321000,3,2.25,1347,1292,3,3,2010,0
359000,3,1.5,1360,885,3,3,2008,0
3.00E+05,5,2.5,2760,6000,2,3,2006,0
380000,5,3.5,2420,4670,2,3,2013,1
355000,3,2.25,1280,959,3,3,2005,0
353000,1,1,550,1279,2,3,2008,0
430000,2,2.5,1520,1588,2,3,2007,0
460000,3,1,1670,4005,1.5,4,1939,1
325000,3,1,1920,6862,1,3,1952,1
980000,4,3,3680,5854,1,3,1967,1
662990,3,1.75,1240,3600,1.5,5,1926,0
478000,3,1,1280,2580,1.5,3,1910,1
515000,2,1,1680,6500,1,4,1941,1
149000,3,1,1700,8645,1,3,1955,1
526000,3,1.75,1680,3420,1,3,1992,0
648475,4,2.75,2250,5700,1,3,1951,1
383000,3,1,1800,5612,1,4,1942,1
449950,3,2,1560,4080,2,3,1923,1
599000,3,2.75,1960,2500,1.5,5,1926,0
595000,2,1.5,1030,4500,1,3,1924,1
1325000,4,3,3370,7920,1,3,1988,1
661254,4,4,2290,6250,1.5,5,1940,0
641000,3,1.75,1620,3975,1,5,1926,0
464600,3,1.75,1120,5500,1.5,4,1925,1
3.00E+05,2,1,1340,7788,1,3,1947,1
670500,4,2,1590,6750,1,3,1951,1
552000,3,1,1430,5000,1,4,1919,1
244000,4,1,1450,8960,1,3,1943,1
530000,4,1.75,1814,5000,1,4,1951,1
90000,2,1,580,7500,1,3,1943,1
585000,3,2,1670,4572,1.5,3,1931,0
379000,2,1,800,6380,1,3,1940,1
462000,3,1.75,1300,2580,1,5,1919,1
606000,3,1,1500,3920,1,3,1947,1
334000,4,2.5,2210,6080,1,4,1965,0
360000,3,2,1270,1323,3,3,2006,0
235000,2,1,1140,1730,1.5,3,2007,0
580000,3,2.5,1620,1173,3,3,2008,0
355000,3,2,1220,1186,3,3,2007,0
375000,2,2.5,750,1430,2,3,2006,0
479000,3,1,1370,3000,1.5,3,1924,1
501000,2,1,1010,4320,1,5,1924,1
276000,3,1,1140,5000,1,3,1960,1
468000,2,1,1160,6000,1,4,1942,1
477000,4,2.75,1720,6270,2,3,1978,0
529000,3,1,1210,3328,1.5,4,1924,0
312000,3,1.5,1255,1374,3,3,2004,1
326100,2,1,880,7683,1,3,1942,1
360000,3,1,1050,9206,1.5,3,1954,1
1050000,4,2.5,2920,7200,1,3,1921,1
688000,4,3,3000,4000,1.5,3,1913,1
160000,2,1,1180,9350,1,3,1918,0
1570000,4,3.75,3070,5850,2,5,1927,0
4.00E+05,2,1,1470,6120,1,2,1940,0
730001,3,2,1840,4750,1,5,1951,0
751750,2,2,1880,5400,1.5,3,1902,0
457500,3,1.75,1840,4030,1,5,1925,0
732000,3,2.5,2330,1987,2,3,2004,1
1655000,4,3.5,3080,4815,2,3,1937,1
535000,2,1,1040,5527,1,3,1951,1
540000,4,4.25,1960,3565,2,3,1940,1
525000,5,3,2750,3800,1.5,5,1926,0
1100000,3,2.75,2640,4050,1.5,5,1926,0
499950,3,3.5,1820,1501,2,3,2014,0
329000,3,1,1600,5952,1,4,1964,0
435000,3,1,1270,4000,1.5,3,1928,1
780000,3,3,2520,2152,1.5,3,1925,1
345000,2,1.5,1180,844,2,3,2005,0
967500,3,3.75,3250,5797,2,4,1951,1
375000,3,1.5,2000,7294,1,3,1965,1
1600000,3,3.25,3790,19000,2,3,1985,0
994000,3,2.25,2510,6339,1.5,5,1932,1
675000,3,2.5,2540,7680,2,4,1940,1
280000,3,1,1200,6250,1,3,1943,1
535000,4,2.5,2340,5600,2,3,1921,1
427000,2,1,920,3780,1,3,1910,1
405000,2,1,910,6490,1,3,1942,1
480000,3,1,1150,4945,1,3,1943,1
725000,3,1.5,2500,4774,1.5,3,1940,1
488000,3,2.5,1590,2550,3,3,1985,0
460000,3,3.5,1600,1431,2,3,2006,0
399950,3,3,1296,1051,3,3,2009,0
370000,2,2.25,1280,835,2,3,2009,0
495000,3,2.5,1750,1548,3,3,2013,1
599000,4,2.75,2020,2750,1,3,1917,1
815000,4,2.25,2000,3800,2,3,2001,0
740000,2,1.75,2080,4800,1,5,1923,0
925000,3,2.5,2690,7000,2,5,1943,0
1285000,4,2.5,3240,10800,1,3,1946,0
335000,4,2,1480,3132,1,5,1910,0
840000,4,2.75,3040,2800,2,3,1906,1
450000,3,1,1100,4600,1,3,1917,1
681000,3,1,1700,6356,1.5,3,1907,1
370000,3,1,800,2296,1,4,1908,0
150000,3,1,820,7680,1.5,3,1910,1
432500,3,1.75,1980,5100,1,3,1965,1
1175000,3,2.5,1970,23180,1,3,1937,1
820000,3,2.5,2510,5503,2,3,1995,0
1400000,4,3.25,2980,7000,2,3,1900,1
438750,3,1.75,1610,6480,1,4,1947,1
1210000,4,2.75,3650,6982,2,4,1951,1
589000,3,1,1110,6000,1.5,5,1932,1
590000,3,2,1650,6150,2,4,1926,1
210000,2,1.5,880,1157,2,3,2007,0
840500,3,2,2520,5400,1.5,4,1906,1
565000,7,4.5,4140,9066,1,3,1978,0
380000,3,2,1660,8281,1,3,1949,1
355000,2,1,1270,3200,1,4,1920,0
277000,4,1,1450,6250,1,3,1964,1
270000,3,1.75,1300,4127,1,4,1918,1
7.00E+05,2,1.75,2320,5500,1.5,3,1925,1
635000,3,2.5,2300,5500,1.5,4,1921,0
510250,3,1.75,1400,4000,1,3,1951,1
960000,4,2.25,2410,4560,2,5,1929,0
580000,5,2,1940,6000,1,5,1945,0
1970000,8,3.5,4440,6480,2,5,1959,0
285000,2,1,800,6240,1,3,1954,1
840000,4,1.75,2330,4000,2,5,1924,1
474800,2,3.25,1400,1243,3,3,2000,0
430000,3,3.75,3890,7140,1,3,1943,1
345000,2,1,1080,4000,1,3,1940,1
875000,3,2.75,2280,4280,1,5,1917,0
1400000,4,3.25,4700,9160,1,3,2005,0
325000,2,2.5,1050,1609,2,3,2005,0
485000,4,1,1600,4300,1.5,4,1916,0
535000,3,2.5,1360,1016,3,3,2003,0
389000,2,1,910,7000,1,3,1952,1
4.00E+05,4,1.5,1390,7200,1,3,1965,1
820000,4,2.25,2280,6660,1.5,3,1940,1
436500,2,1,1260,5000,1,3,1951,1
2453500,4,3.5,4730,13586,1.5,5,1935,0
680000,3,2.25,2330,4000,1.5,5,1927,0
750500,5,3,2170,2440,1.5,4,1911,1
550000,5,2,2450,9488,1,4,1900,1
619000,4,2,2300,3400,1.5,5,1915,0
3.00E+05,2,1,820,3844,1,4,1916,0
4.00E+05,4,2.75,1240,3867,1,3,1987,1
450000,4,2,2240,7725,1,5,1956,0
595000,3,2,1480,5000,1,4,1928,0
155000,3,1,1250,6250,1,2,1949,0
529000,3,1,1590,6420,1,3,1944,0
635200,4,1.75,1640,4240,1,5,1921,0
540000,3,1.5,2600,5085,1,4,1940,1
402000,2,1,710,1173,2,4,1943,0
329932,3,1.5,1460,5040,1,3,1971,0
445000,4,1.75,1990,4725,1.5,4,1944,0
395000,2,1,1320,1824,1.5,4,1909,1
510000,3,1.5,2240,3800,2,3,1929,0
1425000,4,4.25,4960,6000,2.5,3,1909,1
685000,3,1.75,1940,7313,1,4,1960,1
350000,4,2.5,2040,22653,2,3,2011,0
305000,2,2.25,1000,905,3,3,2006,0
645000,3,3.25,1730,1229,2,3,2008,0
385000,3,1,1220,4800,1,3,1901,0
425000,3,1.75,1680,3000,1,4,1900,1
369000,3,2,1550,8509,1,3,1959,1
650000,2,2.5,1740,2500,2,3,1994,0
299950,3,1,1210,9525,1,3,1955,1
715000,4,1.75,3420,7200,1,5,1947,0
659000,4,2.5,3190,11375,1,5,1946,0
490000,3,1.75,1920,5405,1,4,1947,1
750000,3,1.75,1700,8400,1,3,1947,1
7.00E+05,4,2.5,2310,3570,1.5,3,1927,1
1365000,3,2.5,2090,6000,1.5,4,1928,0
330000,2,2.5,1240,1546,2,3,2007,0
560000,3,1.5,2000,7350,1,3,1953,0
315000,3,2,1060,5750,1,3,1981,1
399000,2,1,940,4800,1,4,1911,1
740000,5,3.75,3990,18897,2,3,1937,1
280000,2,1,1880,7560,1,3,1919,1
750000,4,2.75,2600,4674,1,3,1976,0
427000,5,2.75,2220,4000,1,3,1973,1
735000,4,3,2840,4120,1.5,4,1931,0
240000,3,2,1330,6000,1,4,1900,1
645500,2,1,1890,5202,1.5,4,1909,1
325000,3,1.75,2180,10230,1,4,1961,1
919204,4,3.5,3760,5000,2,3,2014,0
615000,3,2.25,1760,1146,3,3,2014,0
1505000,4,3.5,3480,7232,2,3,1926,1
250000,1,1,750,4000,1,3,1918,0
315000,3,1,960,6634,1,3,1952,1
404000,3,1.5,2030,8880,1,3,1963,1
285000,2,2.5,1380,1073,2,3,2011,0
5.00E+05,3,2,1720,5525,1,5,1941,0
380000,2,1,1210,4800,1,3,1950,1
469000,3,1,950,4250,1.5,5,1948,1
405000,2,1.75,1710,4234,2,3,1920,1
629000,3,2,1760,5000,1,5,1920,0
395000,1,1,730,3000,1,3,1911,1
965000,4,2.5,2460,5000,2,5,1938,0
820000,3,1.75,2160,6272,1,4,1960,1
661000,4,2.25,1990,4600,1.5,4,1932,1
686000,3,1.5,1840,9990,2,5,1961,0
430000,2,1,990,4802,1,3,1947,1
809000,4,1.5,1840,4337,2,4,1917,0
440150,2,1,1110,6800,1,5,1947,0
455000,2,1,1170,6000,1,4,1941,1
635000,3,2.5,1960,7200,1,4,1940,1
985000,3,1.75,1670,5400,2,5,1912,0
465500,3,1.75,1890,7004,1,3,1965,1
730000,4,2,2360,6000,1,5,1939,0
550000,3,2,1810,4064,1.5,3,1925,1
345000,3,1.75,1990,5650,1,3,1963,1
342000,2,2.5,1175,1366,2,3,2005,0
610000,5,2.5,3990,3839,1,4,1962,0
455000,2,1,1140,5720,1,3,1947,1
540000,4,1.75,1720,4240,1.5,4,1925,1
544000,3,1.5,1790,8203,1.5,3,1910,1
4.00E+05,3,2.5,1495,936,3,3,2006,0
425000,3,2.25,1660,6000,1,3,1979,1
650000,5,2.75,2550,5040,1.5,5,1902,0
850000,3,1.75,1370,3850,1,5,1911,1
930000,4,2.5,2200,4000,2,5,1908,0
530000,3,1.75,1250,6041,1.5,5,1942,0
5.00E+05,3,1.75,1620,4200,1,5,1945,0
1100000,4,3.75,2930,3200,1.5,5,1925,0
689800,3,2.75,2390,9313,1,5,1942,0
430000,3,2,1360,5120,1.5,4,1924,0
785200,3,2.25,1840,3500,1.5,5,1910,0
835000,4,2.75,1550,4000,1.5,3,1930,1
440000,2,1,1230,6600,1,3,1906,1
613000,3,2.5,1350,3068,2,3,1991,0
660000,3,2.5,2290,2798,3,4,1953,1
280000,2,1.5,1480,15641,1,4,1940,1
235000,2,1,720,4840,1,4,1947,1
390000,3,2,1080,7236,1,5,1947,0
710000,3,2,2140,4923,1,4,1928,0
312000,3,2.25,1540,5338,1,5,1954,0
545000,3,1.75,1810,3000,1.5,4,1903,0
409950,2,1.75,1370,5125,1,5,1944,0
960000,4,3,4590,9150,2,3,1981,1
847000,5,1,2550,4623,2.5,4,1905,0
605000,3,2,2060,4040,1,4,1947,1
425000,2,2.5,1140,1182,3,3,2007,0
210000,3,1,1110,7962,1,3,1962,1
718000,3,1,1030,4958,1,5,1952,1
320000,3,3.25,1530,1602,2,3,2013,1
390000,3,2.25,1250,7500,1,5,1942,0
375000,4,1.75,2200,7475,1,5,1955,0
240500,3,1.75,1460,10584,1,3,1997,0
327500,3,1,1070,7140,1,3,1989,0
280000,2,1,960,4920,1,3,1942,1
865000,3,1.75,2090,4725,2,3,1947,1
135000,1,1,790,13062,1,3,1942,1
437000,2,1.75,1500,6800,1,4,1942,1
2400000,5,3.25,3410,9088,2,3,1912,1
175000,2,1,670,2378,1,3,1919,1
465000,3,1,910,4500,1,3,1948,1
540000,3,1,1050,4160,1,4,1925,1
525000,3,2,1540,7800,1,3,2004,1
760500,3,2,1990,3990,1,5,1912,0
519000,2,1,830,2820,1,4,1920,0
317000,3,1,1010,5400,1,3,1959,1
371000,3,1.5,1420,4500,1,3,1959,1
499950,3,2.5,1520,2208,2,3,2007,0
375000,2,1,820,6250,1,4,1922,0
640000,3,2.5,1690,1553,2.5,3,2007,0
989000,5,3.5,3280,4000,2,3,2003,0
365000,2,1,1250,8100,1,4,1947,1
411715,3,1.75,1840,5101,1,5,1952,1
489000,3,1.5,1020,9072,1,3,1930,1
355000,2,1.75,1650,4000,1,4,1947,1
742000,3,3.25,1540,704,3,3,2011,0
399950,3,1.5,2080,5244,1,3,1959,1
767450,3,2,1630,7599,1,3,2006,0
586500,3,2.5,1780,1487,3,3,2006,0
455000,3,1.75,1420,1189,3,3,2006,0
620000,4,2.25,2400,5350,1.5,4,1929,0
269000,3,1,1690,4250,1,3,1967,1
875000,3,3.5,3250,6000,2,3,2001,0
647500,3,1.75,1290,3870,1,5,1916,0
450000,4,1,2000,4676,1.5,3,1916,1
440000,3,1,1050,7500,1,3,1900,1
445000,4,2.5,2340,3784,2,3,2008,0
875000,5,2.5,2920,5568,2,3,1906,1
495000,5,3,2440,4750,1,3,2006,0
1300000,6,4.5,3902,3880,3,4,1977,0
546000,2,1,970,3400,1,3,1924,1
7.00E+05,3,1.75,1910,4800,1,3,1959,1
640000,3,1.75,2340,4206,1,5,1917,0
390000,3,2,1463,868,3,3,2003,0
466500,3,1,1430,3840,1,3,1945,1
356000,2,1,920,4095,1,4,1914,1
229000,2,1,1190,7408,1,3,1941,1
619000,4,1.75,1660,3800,1.5,3,1926,1
547000,3,2.5,1480,8381,1,4,1968,0
499000,3,3.5,1690,1432,2,3,2008,0
453500,4,1.75,2000,6032,1,3,1959,1
456000,4,1.75,1670,9886,1,5,1947,0
335000,3,2,1170,5360,1,3,1919,1
605004,4,2,1370,4000,2,3,1951,1
886000,4,2,2660,3900,1.5,4,1923,0
465000,3,2.25,1530,1245,2,3,2014,0
584000,3,2.5,1480,1485,2,3,2007,0
275000,3,3,1390,1080,2,3,2006,0
324500,3,2.5,1660,3990,2,3,2009,0
7.00E+05,3,2.5,2050,4185,2,3,2011,0
385200,4,1,1550,7740,1.5,3,1954,1
735000,4,2.5,2820,6180,2,3,2013,1
389250,2,1.5,1490,4080,1,3,1956,1
545000,4,2.5,2040,6034,2,3,1990,1
550000,3,1.5,1900,5000,1.5,3,1926,1
5.00E+05,4,1,1720,4011,1.5,4,1904,0
920000,4,2.75,2880,5750,1.5,5,1928,1
435000,2,1,1260,4080,1.5,5,1926,0
1370000,2,2.25,2460,16940,1.5,4,1936,0
253500,2,1,810,4800,1,3,1948,1
595000,4,2.5,1990,2175,2,3,2005,0
660000,3,1.75,1980,3300,1.5,4,1926,1
285000,2,1,780,5000,1,4,1943,0
435000,3,2,980,5000,1,3,1940,1
1280000,4,3.5,3010,3600,2,3,1999,0
739000,4,3,2720,3800,2,5,1919,1
452000,2,1.75,1740,5400,1,4,1946,1
279000,5,2.5,2690,5557,2,3,2012,1
405000,2,2,1405,1073,2,3,2007,0
490000,3,3,1730,2940,3,3,1985,0
445000,2,1,1440,3225,1,3,1915,0
455000,3,1,1300,3550,1.5,3,1927,1
410000,3,1,1410,5060,1,4,1956,0
450000,3,1.75,1640,13500,1,3,1940,1
552000,2,2.5,1380,951,3,3,2006,0
378500,2,1,730,7528,1,3,1946,0
304700,2,1,740,5995,1,4,1949,1
568000,3,1.75,2050,3520,1,4,1977,0
345000,3,2.5,1210,1420,3,3,2008,0
435000,3,2.25,1890,7200,1,4,1973,0
4.00E+05,2,1,1140,5100,1,3,1942,1
440000,3,1.75,2240,8153,1,3,1948,1
417000,2,1,920,6600,1,3,1919,1
435000,2,1,800,5000,1,3,1906,1
831000,4,2.5,2030,3905,1.5,4,1926,1
425000,2,1,910,4635,1,4,1905,0
550000,4,2.5,2700,5100,1,4,1968,0
750000,4,3.25,2050,5000,2,4,1987,0
550000,3,1.75,1380,3402,1.5,3,1900,1
352750,2,1.75,1060,1241,2,3,2008,0
403950,2,1,710,1136,2,4,1943,0
980000,4,2.5,2730,4800,1.5,5,1909,1
212500,2,2,1030,21712,1,4,1938,0
428000,3,2,1310,2550,1,3,1986,0
559000,3,1.5,2070,5386,1,4,1948,0
620000,3,2.5,2590,7237,2,3,2004,1
240000,4,1,1910,16320,1.5,3,1934,1
489000,3,3.5,1500,1249,2,3,2004,1
398000,3,2.5,1720,1715,2,3,2004,1
345000,2,1.5,1340,1210,2,3,2008,0
365000,3,2.5,1800,2700,2,3,2011,0
315000,3,2.5,1480,1590,2,3,2010,0
571000,4,2,2750,7807,1.5,5,1916,0
420000,2,1,860,3880,1,4,1916,0
7.00E+05,3,2,2080,3880,1,5,1954,0
8.00E+05,3,2.25,1620,4500,2,4,1926,1
440000,3,1.5,1290,1286,3,3,2000,0
558000,4,2,2180,3870,1,3,1900,1
417500,4,1,1390,10800,1.5,4,1941,1
1240000,5,3,2830,7500,2,3,1923,1
480000,4,1.75,2320,4322,1,3,1910,1
659500,3,1.75,1820,5500,1,4,1957,1
315000,2,1,1740,3622,1,4,1924,0
268000,2,1,1380,5000,1,3,1943,1
499000,2,1,1220,3000,1,3,1926,1
1070000,3,3,2940,4622,2,4,1988,0
429000,3,3.25,1410,1246,3,3,2005,0
403000,2,1,1100,3598,1,4,1926,1
516200,3,2,2110,5150,1,5,1919,1
870000,4,2.5,3340,12248,2,3,1998,1
429950,3,1.5,2010,9480,1,3,1951,1
310000,3,2.5,1780,6771,1,3,1990,1
555000,3,2,2180,4976,1.5,4,1930,0
433000,3,1.75,1870,7189,1,3,1959,1
566000,4,1.75,2440,5000,1,3,1954,1
7.00E+05,5,2.75,3100,9825,2,4,1950,1
749000,3,1,1580,5000,1.5,3,1926,1
680000,3,1.75,1760,8400,1,4,1960,1
1059500,5,3.25,3230,3825,2,3,2014,0
499950,2,2.25,1060,1208,2,3,2005,0
399950,2,1,710,1157,2,4,1943,0
850830,3,2.5,2070,13241,1.5,5,1910,0
588000,4,2,1680,5000,1,3,1950,1
665000,6,3,4250,4400,2.5,4,1902,0
527000,2,1.75,1640,4080,1,3,1921,1
487028,2,1.5,1295,1093,2,3,2007,0
799000,3,1.5,2210,6300,1.5,5,1916,0
262500,3,1.5,1160,8906,1,3,1962,1
220000,3,1,1050,6300,1,3,1942,1
650000,2,1,1030,5750,1,5,1928,1
435000,3,2.5,1420,2581,3,3,2004,1
8.00E+05,4,3.75,2690,4000,2,4,1909,1
295000,5,3.5,2100,5107,2,3,1999,0
1085000,5,2.5,2340,6000,2,4,1922,0
371000,3,1,890,7200,1,3,1951,1
514000,3,1.75,1720,5899,1,3,1986,0
386000,3,1.5,1270,1318,2,3,2004,1
740000,4,2.75,2490,17833,2,3,1979,1
465000,4,1.75,1470,5350,1,3,1955,1
7.00E+05,3,2.75,2500,7378,1,5,1948,1
350000,3,3.25,1460,1592,2,3,2006,0
148000,1,1,620,8261,1,3,1939,1
530000,3,1.75,1550,3680,1,3,1927,1
349000,3,2.5,1430,1002,3,3,2002,0
735000,4,1.75,2460,5100,1.5,5,1909,1
476000,3,1,1140,5500,1.5,4,1908,0
2888000,5,6.25,8670,64033,2,3,1965,1
110000,2,1,800,15000,1,3,1927,1
317000,3,1,1160,8813,1,3,1952,1
460000,3,2,2060,4437,1,3,1929,0
405000,3,2,1640,7201,1,3,1948,1
333000,2,1,720,6686,1,3,1942,1
427000,4,1,1860,4736,1.5,1,1901,0
619400,4,2,2090,3610,1.5,5,1927,0
881000,5,3,2510,4125,1.5,5,1925,0
813000,4,2.75,3370,6675,1,4,1948,0
547500,3,3.5,1650,2262,3,3,2010,0
399950,2,1,710,1131,2,4,1943,0
250000,2,1.5,982,846,2,3,2006,0
545000,2,1.25,1240,2150,2,3,2014,0
2250000,5,4.25,4860,9453,1.5,5,1905,0
1095000,0,0,3064,4764,3.5,3,1990,1
315000,2,1,970,5665,1,4,1908,0
678500,3,2,2460,6600,1,4,1952,0
580000,5,2,2060,6000,2,3,1903,1
445000,3,1,1050,5664,1,4,1947,1
585000,3,2.5,1910,1501,2.5,3,2007,0
480000,3,2.5,1250,1103,3,3,2005,0
575000,2,1,1510,4032,1.5,3,1935,1
350000,4,2.25,2300,4600,1.5,4,1904,0
599000,5,2.75,2820,4608,1,3,1967,1
1184000,4,2.5,3200,7500,1.5,5,1948,1
545000,3,1,1510,5000,1.5,3,1909,1
440000,3,1,1210,5750,1.5,4,1910,0
445000,5,1.75,2460,6846,1.5,5,1911,1
397990,3,1,1180,11862,1,4,1948,0
706000,3,2.75,1900,6400,1,5,1942,0
363000,3,3.25,1651,1779,2,3,2008,0
620000,2,1,1430,3000,1.5,3,1929,0
448000,2,1.5,1630,3780,1,4,1940,1
670000,3,2.5,2050,6420,1,3,1956,1
310000,5,3,1880,5000,1,3,1997,0
1688000,4,2.5,3000,7500,2,3,1937,1
495000,4,2.5,2140,7245,2,3,2003,0
440000,3,1,1710,6556,1.5,4,1926,1
280000,1,0.75,420,6720,1,3,1922,1
656500,4,2,2710,4750,1,4,1919,1
660000,3,3,2340,2970,2,5,1925,0
560000,4,1.75,1880,3880,1.5,4,1944,0
594000,4,1.75,1870,5200,2,4,1937,0
6.00E+05,3,2.25,1480,5400,2,4,1914,1
430000,4,1.75,1890,6000,1,4,1947,1
312500,2,1.5,1070,1200,2,3,1999,0
3.00E+05,3,3.25,1470,1235,2,3,2008,0
822500,5,3.5,2320,4960,2,5,1926,0
1125000,6,3.75,3010,4360,2,3,2014,0
285000,3,1.75,1840,8601,1,3,1905,1
370000,2,1,900,4600,1,3,1951,1
1030000,4,2.5,2750,4800,2,3,1905,1
775000,4,2,3140,10875,1,3,1939,1
1335000,5,2.25,4200,5800,2.5,4,1906,1
499950,3,1,1830,3000,1.5,3,1926,1
153000,3,1,1270,6405,1.5,3,1944,0
585000,3,1,1870,2807,1.5,4,1927,0
369500,3,1.5,1650,9957,1,4,1961,1
305000,3,1.5,1210,5240,1,4,1983,0
215000,2,1,710,7200,1,3,1943,1
910000,5,2.5,2350,4000,2,3,1993,0
513000,4,2.75,2020,7070,1,5,1958,0
1120000,5,1.5,2540,6660,2,4,1954,1
385000,3,2.25,1920,4833,1,4,1921,0
330000,3,2.5,1070,1155,2,3,2005,0
799000,3,2.5,2860,4442,2,3,2000,0
589000,3,2,2250,8800,1,4,1925,1
1695000,2,2.25,3170,3000,2,5,1900,0
538000,3,1,1460,7200,1,3,1906,1
530100,3,1,1540,3399,1.5,3,1926,1
718500,3,2,2910,6600,2,4,1900,1
556000,3,1.75,1640,7437,1,3,1948,1
575000,3,3,1384,1287,2,3,2006,0
530000,3,2.5,1930,7214,2,3,2005,0
496752,2,1,1980,5000,1,4,1923,0
330000,3,1.75,1430,8865,1,3,1950,1
520500,3,2,1900,8100,1,4,1940,1
460000,3,1.75,1550,4708,1,4,1949,1
1735000,4,2.25,3040,5000,2,4,1926,1
763101,3,1.75,1990,5560,1,4,1939,1
460000,2,1.5,1090,4000,1,3,1951,1
825000,4,1.5,1890,6938,1.5,3,1919,1
418000,4,3,2360,6250,1,3,1960,1
690000,2,1.75,1600,4000,1,5,1918,0
3.00E+05,5,3,1940,6355,1,3,2007,0
385000,4,1.75,1690,4080,1,4,1984,0
415000,4,2,1800,2970,1,4,1923,0
235000,2,1.5,880,1805,2,3,1999,0
667000,3,1.5,1720,8100,2,3,1907,1
375000,4,2,1240,3000,1,3,1908,1
332000,1,1,960,2640,1,3,1908,1
1095000,4,4,3530,8400,2,5,1958,0
277000,3,1,1100,8536,1,4,1957,1
660000,6,1.75,1840,2774,1,3,1900,1
524000,2,1,1120,2000,1.5,3,1910,1
470000,3,1.5,1760,6723,1,3,1958,1
460000,2,1,890,2100,1,4,1919,1
1712500,3,3.25,2940,5432,3,4,1978,1
552000,3,1,1120,2300,1,4,1912,1
373000,3,1,1770,5720,1.5,4,1926,1
245000,2,1,1200,4880,1,3,1943,1
450000,6,2.25,3550,11780,1,4,1948,0
650000,4,2.75,2610,4160,3,5,1910,0
378000,5,2.5,2760,8015,1,4,1960,1
340000,3,2.5,1212,1174,3,3,2004,1
335000,3,1.5,2040,6000,1,3,1957,1
523950,3,2.25,1420,1282,3,3,2006,0
320000,3,2.25,1200,1400,3,3,2005,0
468500,3,2.5,1350,1186,2,3,2007,0
685000,4,3.5,2840,4637,3,3,2008,0
435000,3,2,1980,2674,3,3,2007,0
210000,1,1,930,7129,1,3,1948,1
560000,5,1,1710,9100,1.5,4,1926,1
473000,2,1,900,5100,1,4,1909,1
870000,4,4.25,3010,4887,2,4,1951,1
475000,3,2.25,2280,5750,1,4,1985,0
458000,4,1.5,1550,3000,1.5,3,1918,0
547000,4,1,1720,2800,1.5,4,1926,1
379900,5,3.5,2800,7350,2,3,1995,0
342000,2,1,740,6180,1,3,1948,1
640000,3,2,1380,4800,1,3,1948,1
1010000,3,3.25,2420,1923,2,3,2006,0
1008000,4,3.5,2650,3060,2,3,2001,0
320000,3,1,860,5060,1.5,3,1927,1
479000,2,2.25,1230,932,2,3,2004,1
472000,3,2.5,1180,1262,3,3,2010,0
560000,3,2,2340,3477,1,5,1971,0
549000,2,2.5,1380,953,3,3,2006,0
729000,3,1,1580,3840,2,3,1908,1
465000,2,2.75,1430,1425,2,3,2006,0
675000,6,1.75,2740,6360,1,3,1953,0
667500,3,2,1880,3800,1,5,1927,0
310000,4,2,1870,6000,1.5,3,1956,1
435000,2,1,1230,3800,1,3,1928,1
253000,3,1.5,880,6600,1,5,1945,0
554000,4,1,1120,7104,1.5,3,1946,0
350000,3,2,1380,3600,3,3,2013,1
1185001,3,2.75,2500,5568,2,5,1905,0
2475000,3,3.25,4340,4947,2,3,1993,0
430000,3,1,980,7200,1,4,1950,1
824000,7,4.25,3670,4000,2,3,1964,1
936000,3,1.75,2960,12420,1,4,1952,0
350000,2,2.5,1260,1347,3,3,2005,0
435000,3,2.25,1230,1238,2,3,2009,0
1555000,3,3.5,4360,6240,2,3,2008,0
475000,3,1.75,1700,8432,1,3,1977,1
555000,3,1.75,2040,6000,1,5,1958,0
384400,3,3.25,1689,1388,3,3,2008,0
646000,5,2.75,2870,4461,1,3,1976,0
415000,3,1.75,1270,4800,1,3,1952,1
545500,3,2.5,1560,9361,1.5,4,1936,0
450000,3,1.75,1180,4080,1,4,1928,0
650000,5,1.75,1260,4500,1.5,3,1926,1
343566,2,1,1100,4200,1,3,1954,1
190000,1,1,720,4800,1,3,1914,1
1400000,3,2,2020,5500,1.5,3,1937,1
175000,2,1,660,5000,1,3,1915,0
175000,6,1,1370,5080,1.5,3,1931,0
559000,2,1,1240,6400,1,4,1938,0
240000,2,1,670,10920,1,3,1942,1
3.00E+05,3,2.5,1700,3575,2,3,2000,0
4.00E+05,3,1.75,1050,6150,1.5,4,1928,0
825000,4,3.5,3810,9792,2,3,1938,1
855000,4,2.25,2190,4080,2,3,1918,0
465000,3,1.75,1510,4800,1,3,1925,1
515000,3,3.5,1360,1419,2,3,2007,0
309000,3,2.25,1490,1294,2,3,2010,0
485000,2,2.5,1430,923,3,3,2008,0
482000,3,3.25,1380,1120,3,3,2008,0
690000,3,3.25,1540,1428,3,3,2013,1
576000,3,2.5,1940,9000,1,4,1948,0
378750,3,2.5,2160,3000,1.5,3,1909,1
1525000,4,3.25,3620,5131,2,4,1927,0
405000,2,1,1260,4377,1,4,1947,1
703000,3,2,1360,5980,1.5,3,1945,1
464000,3,1,1320,3625,2,3,1900,1
945000,2,2.5,2540,7089,2,3,2004,1
1325000,4,2.5,2440,3600,2.5,4,1902,0
799000,4,2.5,2590,7910,2,3,2001,0
1309500,4,4.5,4750,13912,2,3,2005,0
590300,3,1.5,1470,7200,2,4,1907,0
506000,2,1,1570,8210,1,4,1952,0
285000,3,1,1210,4731,1.5,3,1901,0
311000,3,1.75,1900,3000,1.5,5,1903,0
435000,3,1.75,1310,8065,1,4,1948,0
1440000,3,3.5,3870,3819,2,3,2002,0
756000,4,2.25,2160,5600,1,5,1947,0
248000,4,2,2080,13510,1,3,1950,1
399888,4,2.25,1820,8255,1.5,4,1930,0
899000,4,2.25,2370,6000,1,3,1959,1
436000,2,1,790,6600,1,3,1949,1
680000,6,2,1670,3000,1,5,1911,1
549000,4,1.75,1290,3060,2,4,1906,1
618250,4,3.25,2520,3360,1.5,4,1931,0
850000,2,1.75,1590,5136,1.5,3,1927,1
930000,5,2,3530,9385,1.5,3,1925,1
499000,3,1.75,1840,5000,1,4,1910,0
507000,3,2.5,2120,7201,2,3,2003,0
646000,4,2.5,2310,4079,2,3,2008,0
475000,3,2.5,950,1110,2,3,2003,0
319950,2,1,920,8341,1,3,1939,1
543000,3,2.25,1240,949,3,3,2008,0
607500,3,3.25,1530,1612,3,3,2006,0
395000,3,1,1500,4000,1,3,1925,1
6.00E+05,2,1,1040,3600,1,4,1919,1
450000,3,2,1430,3480,1,3,1947,1
480000,4,1,2080,5500,1,3,1941,1
850000,3,2.25,2870,8170,2,3,1995,0
380000,3,1.5,1520,4288,1,3,1949,1
359950,3,2.25,1940,11612,1,4,1981,0
665900,4,2.25,2870,5453,2,4,1926,1
547000,5,2.5,2200,4080,1.5,5,1916,0
640000,2,1.75,1760,4400,1,4,1930,0
587206,3,3.5,1890,1710,2,3,1999,0
511500,4,1,1360,6000,1.5,3,1917,1
412000,2,1,1260,3960,1,3,1925,1
4.00E+05,3,1,1430,10005,1.5,4,1950,1
250000,1,1,800,16306,1,2,1931,0
1300000,5,4,3366,7800,2.5,3,1937,1
1462497,5,3.25,3840,4800,3,3,2008,0
355000,4,2.5,2040,8265,2,3,1996,0
915000,3,3.25,2660,4000,2,3,2003,0
2400000,6,4.5,5480,10800,2,4,1999,0
390000,3,1,1160,3750,1.5,3,1910,1
482500,4,3,1630,7626,1,5,1990,0
525000,3,2.25,1750,1879,3,3,2001,0
725000,6,1.75,2380,4080,2,3,1917,1
780000,3,2.25,2140,3000,2,3,1905,1
325000,2,1,840,4239,1,3,1948,1
489000,4,2,2120,11479,1,4,1940,1
625000,3,2.5,2440,4800,2,3,2014,0
654000,3,3.25,1530,1565,2,3,2005,0
375000,2,1,1230,1820,2,4,1948,0
849000,4,2,2160,6300,1.5,4,1928,0
442900,4,1.75,1780,2788,1,4,1943,0
750000,3,1.75,2610,5544,1.5,3,1934,1
565000,2,1.75,1330,6000,1,4,1914,1
802000,3,1.75,2870,5000,1.5,4,1907,0
577000,3,2.5,2060,5750,1,3,1976,0
690000,2,1,970,4560,1,4,1907,0
430000,2,1.5,950,4625,1,4,1949,1
775000,4,2.5,2300,6158,2,3,1999,0
449000,4,2.5,1850,5040,1,3,1930,1
420000,3,2,1200,5029,1,3,1937,1
735000,4,2.25,2270,5102,1,5,1954,0
286000,3,2.75,1100,750,2,3,2008,0
579000,3,2.5,1640,1269,3,3,2009,0
345100,3,3.75,1950,8625,1,3,1959,1
649950,3,2.5,1500,1375,2,3,2014,0
458500,3,2,1890,1599,2,3,2012,1
5.00E+05,3,1,1150,5100,2,3,1911,1
345000,3,1,1140,4200,2,4,1904,0
399950,3,1.75,1560,5223,1,4,1940,1
360000,4,1.5,1720,6417,1,3,1953,0
234000,2,1,870,11100,1,3,1940,1
490000,3,2.25,1470,2500,2,3,1984,0
615000,5,2,2130,4180,1.5,5,1926,0
396500,3,1.75,2390,7149,1,3,1955,1
405000,2,1,860,2599,1,4,1901,0
265000,3,1,1620,9450,1.5,3,1928,1
525000,2,1,1080,3500,1,3,1924,1
415000,4,2.5,2170,8518,1,3,1955,1
1580000,4,2.5,4570,74487,2,5,1948,1
450000,4,1.75,2160,4333,1,4,1942,1
471001,3,1.75,1800,6000,1,5,1905,0
385000,3,3.25,1630,1677,3,3,2007,0
335000,1,1,720,5100,1,3,1907,1
1220000,4,3.75,3520,3944,1.5,5,1913,0
750000,3,2,1820,5000,1.5,4,1941,1
569000,4,2,1730,3884,1,5,1924,1
8.00E+05,4,3,3520,4895,1,3,1954,1
660000,3,3.25,1980,2850,3,3,1987,1
685000,2,1.5,1300,1676,1,3,1943,1
403500,3,1,1830,8004,1,3,1960,1
405000,3,2.25,1520,1245,3,3,2004,1
345000,3,1.5,1420,1192,2,3,2008,0
160797,3,1.5,1270,2356,2,3,2012,1
562500,3,2.25,1300,907,2,3,2006,0
664950,5,3,3190,7081,1,3,2013,1
515000,5,3.25,2910,5027,2,3,2013,1
670000,3,2.5,3310,5300,2,3,2008,0
362500,2,1.5,940,1768,2,3,2009,0
402101,2,0.75,1020,1350,2,3,2009,0
438000,3,1.75,1520,6380,1,3,1948,1
687500,4,1.75,2330,5000,1.5,4,1929,0
880000,4,2.5,3030,3841,3,3,2005,0
819000,3,3.5,2130,6150,2,5,1908,0
530000,2,1.5,1580,3680,1,3,1941,1
615000,2,1,1270,5000,1,3,1949,1
660000,2,2.25,2550,6000,2,5,1902,0
665000,6,2.75,2840,8346,1,5,1961,0
1157400,3,2.5,2740,5925,2,3,1913,1
2466350,5,4.75,6390,13180,2,3,1940,1
339000,4,2,2470,5080,1.5,3,1948,1
615000,3,1.75,1720,4080,1,4,1924,0
941000,4,1.75,2320,3825,1.5,5,1926,0
485000,3,2.5,1500,5412,1,5,1920,0
339000,3,1,1100,4128,1,4,1942,1
455000,2,1.5,1200,1259,2,3,2013,1
510000,3,2.25,1420,1309,3,3,2006,0
230000,4,1.75,1850,6000,1,4,1944,0
3.00E+05,2,1,750,5120,1,4,1941,1
457500,3,2.25,1430,2003,2,3,1996,0
343500,4,1.75,1760,6204,1,4,1950,1
257500,2,2,1180,9265,1,3,1940,1
317000,5,2.5,2360,11375,1,4,1962,0
970000,3,2.25,3060,9950,1.5,4,1930,0
683500,3,1.5,1820,5756,1.5,3,1946,0
355000,2,2.25,930,747,2,3,2007,0
395000,4,1.75,1540,5120,1,5,1943,0
218000,3,1,880,18205,1,4,1945,0
350000,2,1,740,7680,1,4,1922,0
845000,3,2,2540,4750,1.5,5,1930,0
850000,4,3,3330,4000,1,3,1958,1
329950,2,1,900,5220,1,4,1956,0
425000,4,1.5,1600,6180,1.5,3,1946,0
210000,2,1,970,5500,1,3,1956,1
631500,2,1,1130,2640,1,4,1927,0
295000,2,1,650,5400,1,3,1950,1
575000,3,2.25,2400,5000,1.5,4,1926,1
329445,2,1.5,830,1119,2,3,2005,0
395000,3,2.5,1600,1936,2,3,2007,0
890000,4,1,2550,4000,2,3,1905,1
352000,4,1,1530,8890,1,3,1925,1
8.00E+05,2,1,1740,5719,1,3,1955,1
381500,2,1,900,2910,1,5,1924,1
562100,2,0.75,1440,3700,1,3,1914,1
308000,3,1,1640,18144,1.5,3,1942,1
750000,3,1.5,1840,5000,1.5,5,1915,0
657000,4,2.5,2180,3375,1.5,4,1926,1
575000,3,2.25,1700,3333,1.5,3,1924,1
690500,5,2,2000,4211,1.5,4,1908,0
5.00E+05,3,1.5,1190,4750,1,3,1940,1
870000,4,2.75,2840,4000,1.5,5,1912,0
275000,2,1,770,4840,1,4,1927,0
645000,3,2.75,1850,16960,1,4,1953,1
315000,4,2,1780,5336,1.5,5,1918,0
190000,1,0.75,930,29258,1,3,1941,1
310000,2,1,870,5400,1,3,1950,1
265950,3,1.5,1150,8450,1,4,1951,1
860000,5,3.25,4500,9648,2,4,1968,0
402000,4,2.25,2000,3672,2,5,1926,0
305000,6,2,1900,8240,1,2,1964,0
1355000,3,1.5,2680,4775,2,5,1913,0
650000,4,2.75,1910,16532,1,4,1940,1
270000,2,1,2060,8398,1,3,1962,1
435000,2,1,1060,3036,1.5,4,1943,0
594000,3,2.25,1270,1406,2,3,2014,0
450000,4,2.75,2310,5650,1,3,1952,1
760000,4,2.5,2760,6000,2,5,1942,0
346500,2,1.75,1610,6300,1,3,1941,1
1330000,3,1.5,1940,2885,1.5,3,1900,1
640000,3,1.75,1620,6000,1,5,1947,0
957000,5,3.25,3160,5000,2,3,2005,0
680000,4,1.5,1880,6200,1,5,1954,0
450000,2,1,1380,4390,1,4,1931,0
595888,3,1.75,1870,9000,1,5,1958,0
346500,3,1,1150,11802,1,4,1932,1
519000,4,2.5,1950,2617,1.5,4,1910,0
395000,2,2.25,1350,1493,2,3,2007,0
364000,3,2.5,1800,2790,2,3,2011,0
328423,3,2.5,1730,3600,2,3,2014,0
425000,3,2.5,2320,2267,3,3,2009,0
563500,3,2.5,1400,1312,3.5,3,2007,0
975000,5,3,2620,5477,2,3,2009,0
937000,3,1.75,2450,2691,2,3,1915,0
518500,3,3.5,1590,1102,3,3,2010,0
415000,3,1,1170,6700,1,3,1957,1
357250,3,1.5,1400,8840,1,4,1952,0
725000,6,3,3110,5000,1.5,5,1921,0
670000,3,1.5,1490,4400,1.5,4,1906,1
440000,4,1.5,1770,5750,2,3,1947,1
320000,2,1,950,5316,1,3,1948,1
690000,5,3.5,2720,7598,2,3,1993,0
805000,3,2.75,2600,5875,1.5,5,1929,0
446000,2,1.5,1370,1221,2,3,2008,0
402000,2,1,620,2475,1,5,1911,1
270000,4,2.25,2600,9900,1,3,1965,1
755000,4,2.75,2880,4000,1.5,3,1912,1
1145000,3,2.5,2490,4000,2,5,1918,0
1250000,3,3,3760,8500,2.5,4,1910,0
450000,2,1.75,840,3340,1,3,1912,1
339000,2,1,950,7954,1,4,1941,1
1340000,4,3.5,3190,5040,2,3,2003,0
815000,4,2.75,2620,4743,1,4,1949,1
638000,3,2,1660,3729,1,5,1922,1
750000,4,2.75,1750,5080,1.5,3,1903,1
626000,3,1.75,2430,5000,2,4,1945,0
440000,3,1.5,2120,6290,1,4,1949,1
9.00E+05,4,3.5,3370,5000,2,3,2008,0
1990000,5,3,4480,5000,2.5,5,1902,0
1387800,3,3,2480,5500,2,3,1950,1
471000,2,1.75,1240,6417,1,5,1924,1
663000,3,2,1480,3876,1,5,1928,1
240000,4,1,1200,2171,1.5,3,1933,0
390000,3,3.25,1370,913,2,3,2006,0
665000,2,1,1110,3200,1,3,1925,1
672500,3,2.25,2400,5300,1.5,4,1939,1
417000,4,2.25,2300,7700,1,3,1959,1
7.00E+05,3,2.5,1660,1545,2,3,2002,0
561500,3,1.75,1960,6380,1,4,1939,1
447000,2,1,1320,8380,1,3,1953,0
212700,2,1,940,5040,1,3,1926,1
260000,2,1,700,4800,1,3,1922,1
430000,2,1,1050,2570,1,5,1927,0
221000,3,1,910,8789,1,3,1966,1
5.00E+05,4,1,1440,7100,1.5,3,1906,1
191000,2,1,900,3400,1,5,1905,0
315000,6,4,3120,4240,2,4,1993,0
415000,3,2.5,1060,1536,2,3,2000,0
523460,5,1.75,1890,5000,1.5,3,1906,1
710000,2,1.5,1640,4080,1.5,5,1916,0
1020000,3,2.25,1670,4800,1.5,3,1903,1
480000,2,1,1500,3420,1,3,1902,0
397000,5,1,1170,6757,1,4,1944,0
718500,3,1.5,1200,6240,1,3,1952,1
195000,2,1,1020,8100,1,3,1940,1
295000,1,1,700,2500,1,4,1907,0
504200,2,1.5,1200,1687,3,3,2008,0
589500,3,3.25,2310,3075,2,3,2005,0
735000,3,2.25,1490,1212,2,3,2011,0
235000,1,1.5,1170,1456,2,3,2007,0
229800,2,1.75,1110,1773,2,3,2014,0
516500,1,1.25,1100,638,3,3,2014,0
1600000,3,4.25,2820,7200,2,4,1930,0
470000,3,1.5,1500,5000,1.5,4,1927,0
650000,2,1,1050,2542,1,3,1904,0
585000,5,2.5,2670,16777,1.5,4,1920,0
475000,3,2.5,1700,9100,1,3,1998,1
397000,3,3.5,1360,1275,2,3,2007,0
325000,5,2.75,2130,6222,1,3,1991,0
1200000,4,2,2120,3360,2,3,1905,1
410000,1,1.5,1010,5750,1,3,1911,1
1165000,3,3,3790,5001,2,3,1989,0
669500,4,2.25,2500,4046,1.5,4,1940,1
491950,3,2.25,2090,10733,1,3,1958,1
535000,3,1,1580,6300,1,3,1925,1
490000,4,3,2330,3497,2,3,2003,0
345000,2,1,970,5750,1,4,1932,1
441000,2,1.5,1190,3400,1,3,1919,1
406500,2,1,870,5750,1,4,1947,1
1925000,5,4.25,4830,8050,2.5,4,1914,1
408000,5,3.25,2820,6589,1.5,3,1906,1
875000,4,1.5,1800,3245,1.5,4,1929,0
308000,3,1,1010,8800,1,4,1954,1
880000,4,2.75,3220,4392,1.5,4,1931,0
255000,2,1,1320,9967,1,3,1919,1
850000,3,2.5,2650,2387,2,3,1920,1
265000,2,2,1860,10856,1,3,1952,1
972000,4,1.75,2010,6300,1,5,1937,0
544000,3,2.5,1460,1613,2,3,2007,0
427500,2,2,1090,934,3,3,2008,0
435000,4,2,1880,3840,1,3,1904,0
765000,5,3,2870,5700,1,3,1964,1
457000,3,2.5,1220,1330,2,3,2008,0
349500,3,2,1270,3600,1,3,1963,1
1198000,4,3.5,3400,3850,2.5,3,2008,0
330000,3,2.5,1680,11312,1,3,1959,1
5.00E+05,2,1,950,4500,1,3,1926,1
691500,4,2.5,2600,7200,2,3,1962,1
459500,2,1,1250,3825,1,3,1929,0
955500,4,1.75,2130,5080,1.5,3,1914,1
1297000,6,2.75,2630,9420,2,5,1900,0
616000,4,1.75,1700,5846,1,3,1957,1
345000,2,1,1080,7775,1,3,1955,1
370000,2,1,860,6050,1,3,1952,1
1080000,3,2.75,3890,7216,2,3,1967,1
337000,3,2.25,1460,941,3,3,2006,0
563000,4,1,1410,3376,1.5,5,1911,1
1695000,4,2.75,3770,10900,2,5,1924,1
245000,3,2,1190,4072,1.5,5,1907,0
590000,3,2,1410,6413,1,4,1947,1
695000,3,2,2500,4080,1.5,5,1922,1
402500,2,1,800,2280,1,5,1946,0
6.00E+05,5,2.25,2980,7781,1,3,1960,1
1110000,5,3.25,3350,4000,2,4,1997,0
332888,2,2.5,1050,1029,2,3,2007,0
515000,2,1,1050,5000,1,5,1907,0
485000,4,1.75,1430,4096,2,3,1900,1
1640000,3,3.25,3140,5445,2,4,1913,0
102500,2,1,820,4320,1,3,1937,1
6.00E+05,2,1,910,2002,1.5,3,1900,1
406000,4,1,1580,8475,1.5,4,1928,0
620000,4,3,2130,6325,1,5,1948,1
725000,3,1.75,1860,6000,2,4,1959,0
276000,1,0.75,370,1801,1,5,1923,0
2300000,4,4.75,3970,9778,2,4,1928,0
433000,4,1.5,1550,5053,1,4,1963,0
581000,4,1,1630,2566,1.5,3,1921,1
952500,4,1.5,2550,5055,2,4,1910,0
476000,4,3,2890,6885,1,3,1945,1
535000,4,1.75,1420,5000,1.5,4,1945,0
1356925,4,3.5,4270,5800,2,5,1937,0
640000,2,2.25,1540,965,3,3,2007,0
460000,3,2.5,1450,1053,2,3,2008,0
525000,2,2.5,1160,1458,2,3,2012,1
512031,3,1.75,1540,3000,1,3,1920,1
310000,2,1,700,3000,1,4,1918,1
1075000,3,2.5,3280,10302,1,3,1970,1
255000,4,2,2430,8960,1,3,1960,1
895000,4,2.25,1950,5950,1,3,1947,1
580000,3,2.25,1900,3960,1.5,3,1905,1
480000,3,2,1470,10052,1,4,1956,0
185000,5,1,1590,6700,1.5,3,1942,1
690000,3,1.5,1760,4000,2,3,1922,1
540000,3,2.25,1320,1800,2,3,1994,0
732000,3,3.75,2670,6517,2.5,4,1977,0
860000,4,1.75,1880,3720,1.5,4,1924,0
389000,4,1.75,2400,7700,1.5,4,1927,0
645000,3,1.75,2270,11472,1,4,1956,0
550000,4,2.75,2160,5005,1,3,1987,1
782000,2,1.5,1570,3600,1.5,4,1906,1
545000,3,2,1340,7200,1.5,4,1923,0
723000,4,2.25,2430,4748,1.5,3,1928,1
496000,2,1,900,9260,1,3,1946,0
625000,3,3,1820,1641,3,3,2006,0
475000,4,2,2100,13468,1,5,1962,0
660500,5,2.5,2950,5500,1.5,5,1918,0
262000,5,1,1870,7800,1,3,1962,1
2147500,3,3.5,4660,5500,2,5,1909,1
736000,2,1,1500,4000,1,3,1933,0
1054690,4,3.5,3390,3979,2,3,2014,0
334500,2,1.5,830,1858,2,3,2005,0
265050,2,1.5,800,2119,2,3,2008,0
445838,3,2.5,2250,5692,2,3,2000,0
575000,3,1.75,1530,6743,1,3,1955,1
850000,3,2.5,3230,5000,2,5,1945,0
1015000,3,3.25,3620,4000,2,3,2005,0
588000,5,3,2190,4900,2,5,1940,0
715000,3,4,2080,2250,3,3,1997,0
529950,3,1,1240,5000,1.5,5,1909,1
1755000,3,2,2360,4800,2,3,1909,1
554729,4,2.5,2020,4350,2,5,1943,0
341000,3,1,1390,4814,1.5,3,1908,1
430000,3,1.5,1810,5080,1,3,1958,1
220000,4,1,1200,6000,1.5,3,1923,1
1625000,4,3.25,2980,3600,2,3,1999,0
405500,2,2.75,1350,1252,2,3,2006,0
633000,4,2.5,2360,10000,1,3,1977,1
255000,2,1.5,920,1598,2,3,1995,0
370000,2,1,860,5040,1,3,1956,1
975000,6,2.75,2520,54160,2,3,1954,1
439990,3,2.5,1930,1348,2,3,2005,0
609000,3,1.75,1630,1526,3,3,2014,0
425000,3,1.5,1400,1022,3,3,2007,0
1200000,4,2.5,2700,4275,2,3,2004,1
1738000,4,2.25,2920,6513,2,4,1937,0
671000,4,3,3130,5700,1.5,3,1953,0
459500,3,1.75,1470,4950,1,3,1984,0
499000,3,2.5,1540,1326,3,3,1995,0
1280000,4,2.5,3160,4620,1.5,3,1917,1
382500,2,1,1190,4440,1,3,1981,1
530000,3,1.75,1320,2500,1,3,1918,0
548800,4,1,1660,4704,1.5,3,1930,1
588000,3,2,1860,4777,2,5,1908,0
445000,2,2,1240,2500,2,3,1985,0
3.00E+05,3,1,930,5160,1.5,5,1919,1
527000,6,3.5,3000,8401,1,3,1979,1
335950,2,1.5,800,5192,1,5,1951,0
295000,3,1.5,1640,7222,2,4,1908,0
780000,4,2,2600,4800,1,3,1953,0
437500,3,2,1490,4800,2,5,1948,1
443000,5,1.75,1650,3000,1.5,3,1902,0
245000,2,1,1500,6685,1,3,1926,1
536000,2,1.5,1130,746,2,3,2009,0
558000,2,2,1580,5750,1,5,1910,0
1636000,3,2.5,3110,6765,2,4,1946,1
631500,4,2,2530,5650,1.5,4,1910,0
570000,3,2,1640,2808,1,4,1924,0
1450000,4,3.25,3770,4103,2,5,1925,0
5.00E+05,3,2.5,1720,3012,2,3,2011,0
378000,3,2.5,1601,2491,3,3,2007,0
505000,2,2.25,1060,1209,2,3,2006,0
510000,3,2.5,1420,1237,3,3,2014,0
1300000,4,2.25,2360,4000,2,3,2013,1
374000,2,1.5,1260,1575,2,3,2001,0
230000,3,1.75,1140,1201,2,3,2014,0
438000,2,2,1270,1372,3,3,2000,0
315000,2,1,1080,2674,1,4,1919,1
780000,2,2.5,2560,2500,2,5,1901,0
480000,2,1,1060,3040,1,3,1924,1
330000,3,2.25,2220,4060,1,3,1993,0
326500,3,1,1060,7920,1,4,1968,0
267000,3,1,1400,8100,1.5,3,1944,0
362000,5,3,1810,3000,2,3,1998,1
371500,3,1,1650,6400,1,4,1954,1
368000,4,1.75,2100,11942,1,3,1964,1
427550,2,1,880,4000,1,3,1940,1
235000,2,1,1020,7920,1,3,1939,1
210000,3,2,960,9380,1,3,1949,1
485000,4,2.25,1900,7200,1,3,1977,1
410000,3,2,1320,6000,1.5,4,1920,0
435000,4,2.75,2230,9640,1,3,1998,1
210000,3,1,1070,8179,1,3,1949,1
1050000,4,2.75,2250,3433,1.5,3,1927,1
613000,2,2,1170,1890,1.5,4,1927,0
165000,1,1,850,8050,1,2,1906,0
430000,3,2,1550,6039,1,5,1942,0
1195000,4,3.5,3960,6654,2,3,2006,0
201500,3,1,1320,5000,1.5,3,1912,1
325000,2,1,800,7260,1,3,1953,0
890000,4,2.75,2310,4020,3,5,1979,0
970000,5,2.75,3500,5040,2,3,1927,1
399500,4,1.75,1360,4840,1.5,4,1928,0
1205000,4,3.5,3150,5500,2,3,2014,0
325000,2,1,810,4080,1,4,1941,1
517000,2,1.5,1920,3408,1,4,1912,1
1675000,3,2.5,3490,8343,2,4,1939,1
2180000,6,2.75,4710,11000,2,3,1931,0
148000,2,1,630,4200,1,3,1930,1
950000,3,2.5,3480,7800,1,4,1941,1
405000,3,1.5,1010,7683,1.5,5,1953,0
674600,4,2.5,2610,5140,2,3,2006,0
320000,3,3.25,1450,1387,2,3,2013,1
399950,5,2.75,1970,5400,1,3,1986,0
550000,3,2,1970,4166,2,5,1929,0
284000,4,1.75,1880,8800,1,3,1960,1
737500,3,1.75,2320,10900,2,3,1935,1
569000,3,3.25,2220,8227,1.5,5,1929,0
7.00E+05,3,1,1410,7200,2,4,1901,0
660000,3,1,1240,3500,1,4,1927,0
226550,3,1,990,4440,1,3,1943,1
810000,4,1.75,2000,3988,1,4,1958,1
275000,3,1,1200,7800,1,4,1954,1
679000,4,2.75,2100,4480,1.5,4,1928,0
1465000,6,4.5,4230,6420,2,4,1916,0
410000,3,1.75,1660,6250,1,3,1980,0
1250000,4,2.5,2920,5500,1,3,1957,1
425000,2,1,1320,8830,1,3,1939,1
840000,3,2,2783,11177,2,3,1910,1
599950,3,3.25,1830,1804,3,3,2014,0
299880,3,2.5,1460,3044,2,3,2000,0
680000,3,2,1780,5720,1,5,1925,0
335500,3,1,1370,6780,2,3,1930,1
321500,1,1,730,1942,1,3,2008,0
599000,7,2.5,2580,5750,1,4,1901,0
759000,4,1.75,2100,4750,1,3,1975,0
3.00E+05,4,1.75,1820,5015,1,4,1926,1
359000,3,1.5,1550,4980,1,3,1978,0
550000,4,1,1440,3600,1.5,4,1924,0
395000,2,1,930,6380,1,4,1940,1
380000,2,1,780,3910,1,3,1918,0
625000,4,1,1600,5500,1.5,4,1946,1
9.00E+05,4,2.5,2230,4372,2,5,1935,0
580000,3,1.75,1850,5100,1,3,1909,1
749000,4,2.75,2700,6000,2,4,1910,0
595000,4,3.25,3730,4560,2,3,2013,1
487000,4,2.5,2540,5001,2,3,2005,0
760000,4,2.25,3300,8365,3,3,2014,0
374950,3,2.25,1390,1484,3,3,2007,0
440000,3,1.5,1270,1413,3,3,2007,0
775000,6,2.75,2980,5000,1.5,3,1916,1
725000,2,1.75,1950,2719,1,5,1919,1
350000,4,1,1170,8147,1.5,3,1959,1
639000,4,2,1840,5419,1,4,1942,1
8.00E+05,3,2.75,2220,4000,2,3,1914,1
279000,2,1,670,6300,1,5,1942,0
880000,6,2.5,2640,3680,2,5,1922,1
436110,3,2.5,1770,1235,3,3,2007,0
620000,3,1.5,1620,6630,1,3,1954,1
254000,4,2,1510,4235,1,3,1955,1
1234582,5,3.25,3240,6551,1.5,4,1939,1
205425,2,1.75,880,6780,1,4,1945,0
505000,3,2.25,1670,1596,2,3,2002,0
670000,3,2.5,2700,1438,2,3,2003,0
202000,1,1,590,833,1,4,1926,1
291000,3,1.75,1560,9788,1,3,1964,1
744312.5,4,2.5,2800,5900,1,3,1963,1
439333.3333,3,3.5,3020,4082,2,3,1954,1
330000,3,3,1680,1570,3,3,2014,0
554250,3,2.5,1490,1709,3,3,2004,1
3.00E+05,3,2,1510,7066,1,3,1973,1
274750,4,2.5,1840,1562,2,3,2004,1
148612.5,3,1,1040,5000,1,3,1959,1
326428.5714,3,1,1250,4800,1,4,1951,1
135333.3333,4,1,1530,7200,1.5,3,1948,1
577437.5,4,2.5,2110,3750,2,3,2000,0
440825,3,1.75,2150,4333,1,3,1956,1
195000,5,3.75,5340,10655,2.5,4,1912,1
193000,3,1.5,2200,5000,1.5,3,1932,0
266066.6667,4,1,1310,5200,1.5,3,1945,1
450385.7143,3,2,1300,3731,1,3,1993,0
308830.7692,2,1,810,4800,1,3,1919,1
287919.7826,2,1,1090,5000,1,4,1942,1
247875,2,1,1000,4776,1,4,1942,1
173666.6667,4,1,1290,5000,1.5,3,1957,1
790000,4,2.5,2310,5100,2,3,2013,1
678333.3333,3,2.5,1840,3035,1,3,1926,1
535000,4,2.25,2290,5350,2,4,1958,1
596165.4286,4,2,2580,6000,1,5,1950,0
148612.5,3,1,1040,6860,2,3,1942,1
535000,4,2.25,2980,8051,1.5,4,1935,0
440825,3,1.75,1980,6250,1,5,1910,0
2560498.333,3,2.5,1710,1664,2,5,2003,0
423050.9259,2,1,890,4590,1,3,1923,1
458663.8889,2,1,1470,7137,1,3,1941,1
135333.3333,4,1,1200,7200,1.5,3,1944,0
790000,4,3.25,2420,4000,1.5,5,1911,1
435500,3,3.5,1240,1666,2,3,2008,0
738190.8571,3,2.5,2300,3060,1.5,3,1930,1
3.00E+05,3,2,2020,8555,1,4,1957,1
1036200,4,3.25,2500,5801,1.5,3,1926,1
163785.7143,2,1,760,5500,1.5,3,1947,1
351250,4,1.75,1580,5340,1,3,1947,1
233166.6667,3,2,1570,7000,2,4,1971,0
331366.6667,3,2.5,1270,2509,2,3,2004,1
337945.75,2,1,940,9839,1,3,1910,1
323833.3333,4,1,1940,5753,1.5,3,1947,1
309000,3,2.5,1800,2700,2,3,2011,0
994500,4,2.25,2870,6280,1.5,4,1905,0
379509.1667,2,1,880,6413,1,3,1950,1
362750,2,1.75,1240,3000,1.5,3,1906,1
198995,3,1,1410,8053,1,4,1951,1
190368.75,2,1,1120,5650,1,3,1944,0
360500,3,2.5,1150,887,3,3,2007,0
258125,2,1,930,7740,1,3,1924,1
167500,1,1,690,1950,1,3,1928,1
471500,4,3,2370,3672,1.5,5,1916,0
464600,2,1,840,3400,1,4,1924,0
433111.1111,3,2.25,1370,1524,3,3,2005,0
558653.8462,3,2.5,1530,3210,1.5,5,1928,1
318000,2,1.75,1530,3503,1,4,1916,0
550607.1429,4,2,1660,4800,1.5,3,1922,1
1288333.333,6,4.5,3830,4800,3,3,1919,1
584000,3,1.75,1490,1036,2,3,2008,0
245000,3,3,2470,7410,2,5,1977,0
287919.7826,2,1,870,4600,1,4,1942,1
454790,2,1.75,1990,4000,1,5,1952,1
473200,3,1.5,1740,4200,1.5,4,1920,0
406062.5,2,1,1290,4650,1,4,1906,1
486895,3,1,1890,3330,1.5,4,1901,0
396166.6667,3,1.75,1880,5752,1,4,1945,0
308166.6667,3,1.75,1510,6360,1,4,1954,1
203400,4,2,2090,6630,1,3,1974,0